image,row,label,bottom_exact,bottom_narrow,bottom_run,bottom_contrast,combined,top_exact,below
45035165_6_first_normal_1781144340103_10029317,0,0,0.125,0.4125,0.025,0.0,0.425,0.1,0.4125
45035165_6_first_normal_1781144340103_10029317,1,0,0.125,0.5375,0.025,0.16249999999999998,0.7124999999999999,0.1625,0.375
45035165_6_first_normal_1781144340103_10029317,2,1,0.225,0.6875,0.025,0.375,1.075,0.2375,0.3125
45035165_6_first_normal_1781144340103_10029317,3,1,0.125,0.4625,0.025,0.11250000000000004,0.5875,0.2,0.35
45035165_6_first_normal_1781144340103_10029317,4,1,0.2375,0.6,0.0375,0.1875,0.80625,0.2125,0.4125
45035165_6_first_normal_1781144340103_10029317,5,1,0.175,0.525,0.025,0.23750000000000004,0.775,0.225,0.2875
45035165_6_first_normal_1781144340103_10029317,6,1,0.1375,0.375,0.0375,0.07500000000000001,0.46875,0.2,0.3
45035165_6_first_normal_1781144340103_10029317,7,1,0.0625,0.225,0.0125,0.037500000000000006,0.26875,0.1125,0.1875
45035165_6_first_normal_1781144340103_10029317,8,0,0.1,0.175,0.025,-0.1375,0.049999999999999975,0.05,0.3125
45035165_6_first_normal_1781144340103_10029317,9,0,0.1125,0.35,0.025,0.07499999999999996,0.43749999999999994,0.1125,0.275
45035165_6_first_normal_1781144340103_10029317,10,0,0.1875,0.4625,0.025,0.050000000000000044,0.525,0.1375,0.4125
45035165_6_first_normal_1781144340103_10029317,11,1,0.15,0.575,0.0375,0.22499999999999998,0.81875,0.15,0.35
45035165_6_first_normal_1781144340103_10029317,12,1,0.175,0.5875,0.025,0.10000000000000003,0.7,0.25,0.4875
45035165_6_first_normal_1781144340103_10029317,13,1,0.1625,0.45,0.025,0.11249999999999999,0.575,0.25,0.3375
45035165_6_first_normal_1781144340103_10029317,14,1,0.1625,0.4125,0.025,0.175,0.5999999999999999,0.175,0.2375
45035165_6_first_normal_1781144340103_10029317,15,0,0.1,0.2125,0.0625,-0.1,0.14375,0.075,0.3125
45035165_6_first_normal_1781144340103_10029317,16,0,0.125,0.375,0.0375,0.1875,0.58125,0.075,0.1875
45035165_6_first_normal_1781144340103_10029317,17,0,0.075,0.175,0.0125,0.012499999999999983,0.19374999999999998,0.0875,0.1625
45035165_6_first_normal_1781144340103_10029317,18,0,0.0625,0.2375,0.0125,0.04999999999999999,0.29374999999999996,0.0625,0.1875
45035165_6_first_normal_1781144340103_10029317,19,0,0.1125,0.35,0.0125,0.08749999999999997,0.4437499999999999,0.075,0.2625
45035165_6_first_normal_1781144340103_10029317,20,0,0.15,0.4125,0.025,0.14999999999999997,0.575,0.2,0.2625
45035165_6_first_normal_1781144340103_10029317,21,0,0.0875,0.3375,0.025,0.050000000000000044,0.4000000000000001,0.1375,0.2875
45035165_6_first_normal_1781144340103_10029317,22,0,0.1375,0.4125,0.0375,0.175,0.60625,0.1125,0.2375
45035165_6_first_normal_1781144340103_10029317,23,0,0.15,0.3,0.025,-0.08750000000000002,0.22499999999999998,0.15,0.3875
45035165_6_first_normal_1781144340103_10029317,24,0,0.125,0.3625,0.025,0.09999999999999998,0.475,0.15,0.2625
45035165_6_first_normal_1781144340103_10029317,25,0,0.2,0.525,0.0375,0.17500000000000004,0.7187500000000001,0.1,0.35
45035165_6_first_normal_1781144340103_10029317,26,0,0.15,0.3,0.0125,-0.08750000000000002,0.21874999999999997,0.225,0.3875
45035165_6_first_normal_1781144340103_10029317,27,1,0.3,0.8375,0.0625,0.36250000000000004,1.2312500000000002,0.1625,0.475
45035165_6_first_normal_1781144340103_10029317,28,1,0.15,0.525,0.05,0.050000000000000044,0.6000000000000001,0.0875,0.475
45035165_6_first_normal_1781144340103_10029317,29,1,0.2625,0.5875,0.0375,0.5875,1.19375,0.2,0.0
45524464_6_first_normal_1781829504624_12327780,0,0,0.1375,0.375,0.025,0.125,0.5125,0.1875,0.25
45524464_6_first_normal_1781829504624_12327780,1,0,0.1375,0.3875,0.0375,0.11249999999999999,0.51875,0.1375,0.275
45524464_6_first_normal_1781829504624_12327780,2,1,0.15,0.3375,0.0375,0.07500000000000001,0.43125,0.0875,0.2625
45524464_6_first_normal_1781829504624_12327780,3,1,0.125,0.45,0.025,0.175,0.6375,0.15,0.275
45524464_6_first_normal_1781829504624_12327780,4,1,0.0625,0.3,0.025,0.0625,0.375,0.125,0.2375
45524464_6_first_normal_1781829504624_12327780,5,1,0.125,0.4125,0.025,0.08749999999999997,0.5125,0.075,0.325
45524464_6_first_normal_1781829504624_12327780,6,1,0.075,0.425,0.025,0.125,0.5625,0.1375,0.3
45524464_6_first_normal_1781829504624_12327780,7,1,0.1375,0.35,0.0375,0.13749999999999998,0.50625,0.1625,0.2125
45524464_6_first_normal_1781829504624_12327780,8,1,0.1,0.25,0.025,0.11249999999999999,0.375,0.0875,0.1375
45524464_6_first_normal_1781829504624_12327780,9,1,0.0875,0.2375,0.025,0.07499999999999998,0.325,0.1125,0.1625
45524464_6_first_normal_1781829504624_12327780,10,0,0.0125,0.125,0.0125,0.075,0.20625000000000002,0.0625,0.05
45524464_6_first_normal_1781829504624_12327780,11,0,0.0125,0.05,0.0125,0.025,0.08125000000000002,0.0125,0.025
45524464_6_first_normal_1781829504624_12327780,12,0,0.025,0.075,0.0125,-0.012499999999999997,0.06875,0.05,0.0875
45524464_6_first_normal_1781829504624_12327780,13,0,0.0375,0.1375,0.025,0.02500000000000001,0.17500000000000004,0.0125,0.1125
45524464_6_first_normal_1781829504624_12327780,14,0,0.0375,0.1375,0.0125,0.0,0.14375000000000002,0.025,0.1375
45524464_6_first_normal_1781829504624_12327780,15,0,0.0625,0.275,0.025,0.17500000000000002,0.4625000000000001,0.0625,0.1
45524464_6_first_normal_1781829504624_12327780,16,0,0.1,0.3125,0.025,0.1625,0.4875,0.0625,0.15
45524464_6_first_normal_1781829504624_12327780,17,0,0.1125,0.2875,0.0375,0.09999999999999998,0.40624999999999994,0.125,0.1875
45524464_6_first_normal_1781829504624_12327780,18,0,0.125,0.325,0.0375,0.15000000000000002,0.49375,0.1,0.175
45524464_6_first_normal_1781829504624_12327780,19,0,0.15,0.3625,0.025,0.16249999999999998,0.5374999999999999,0.1125,0.2
45524464_6_first_normal_1781829504624_12327780,20,0,0.125,0.3625,0.025,0.0625,0.4375,0.075,0.3
45524464_6_first_normal_1781829504624_12327780,21,0,0.1375,0.4125,0.025,0.04999999999999999,0.475,0.1625,0.3625
45524464_6_first_normal_1781829504624_12327780,22,0,0.125,0.4375,0.025,0.0625,0.5125,0.1625,0.375
45524464_6_first_normal_1781829504624_12327780,23,0,0.225,0.6,0.05,0.11249999999999999,0.7374999999999999,0.15,0.4875
45524464_6_first_normal_1781829504624_12327780,24,1,0.125,0.3125,0.0625,-0.08750000000000002,0.25625,0.1625,0.4
45524464_6_first_normal_1781829504624_12327780,25,1,0.1875,0.625,0.025,0.2,0.8374999999999999,0.0875,0.425
45524464_6_first_normal_1781829504624_12327780,26,1,0.125,0.5,0.025,0.09999999999999998,0.6124999999999999,0.2625,0.4
45524464_6_first_normal_1781829504624_12327780,27,1,0.1125,0.4375,0.0375,0.325,0.78125,0.1875,0.1125
45524464_6_first_normal_1781829504624_12327780,28,0,0.1,0.3125,0.025,0.0,0.325,0.05,0.3125
45524464_6_first_normal_1781829504624_12327780,29,0,0.1,0.2875,0.0125,0.08749999999999997,0.3812499999999999,0.0625,0.2
45524464_6_first_normal_1781829504624_12327780,30,0,0.15,0.275,0.0125,0.275,0.55625,0.1,0.0
45544469_6_first_normal_1781918871704_15870503,0,0,0.15,0.35,0.0375,0.11249999999999999,0.48124999999999996,0.2,0.2375
45544469_6_first_normal_1781918871704_15870503,1,0,0.0625,0.3125,0.025,0.1375,0.4625,0.025,0.175
45544469_6_first_normal_1781918871704_15870503,2,0,0.0875,0.2875,0.025,0.04999999999999999,0.35,0.1,0.2375
45544469_6_first_normal_1781918871704_15870503,3,0,0.1125,0.225,0.025,-0.024999999999999994,0.21250000000000002,0.125,0.25
45544469_6_first_normal_1781918871704_15870503,4,0,0.0875,0.3125,0.0125,0.04999999999999999,0.36874999999999997,0.05,0.2625
45544469_6_first_normal_1781918871704_15870503,5,0,0.0375,0.15,0.0125,-0.13749999999999998,0.01875000000000001,0.15,0.2875
45544469_6_first_normal_1781918871704_15870503,6,0,0.1125,0.2625,0.025,-0.04999999999999999,0.22500000000000003,0.15,0.3125
45544469_6_first_normal_1781918871704_15870503,7,0,0.1875,0.325,0.0375,0.03750000000000003,0.38125000000000003,0.1375,0.2875
45544469_6_first_normal_1781918871704_15870503,8,0,0.175,0.4625,0.025,0.1375,0.6125,0.1875,0.325
45544469_6_first_normal_1781918871704_15870503,9,1,0.1875,0.4875,0.0375,0.2,0.70625,0.225,0.2875
45544469_6_first_normal_1781918871704_15870503,10,1,0.05,0.25,0.0125,0.0,0.25625,0.175,0.25
45544469_6_first_normal_1781918871704_15870503,11,0,0.0875,0.2875,0.0125,-0.050000000000000044,0.24374999999999994,0.1,0.3375
45544469_6_first_normal_1781918871704_15870503,12,0,0.125,0.4,0.0375,0.08750000000000002,0.5062500000000001,0.1,0.3125
45544469_6_first_normal_1781918871704_15870503,13,0,0.1375,0.45,0.025,0.21250000000000002,0.675,0.125,0.2375
45544469_6_first_normal_1781918871704_15870503,14,0,0.1,0.325,0.0125,-0.09999999999999998,0.23125000000000004,0.1375,0.425
45544469_6_first_normal_1781918871704_15870503,15,0,0.1125,0.625,0.025,0.1375,0.7749999999999999,0.075,0.4875
45544469_6_first_normal_1781918871704_15870503,16,1,0.1375,0.5625,0.025,-0.2875,0.28750000000000003,0.1625,0.85
45544469_6_first_normal_1781918871704_15870503,17,1,0.05,0.125,0.025,-0.04999999999999999,0.08750000000000001,0.1,0.175
45544469_6_first_normal_1781918871704_15870503,18,0,0.0625,0.1375,0.0125,-0.04999999999999999,0.09375000000000003,0.0625,0.1875
45544469_6_first_normal_1781918871704_15870503,19,0,0.05,0.2125,0.0125,0.09999999999999999,0.31875,0.075,0.1125
45544469_6_first_normal_1781918871704_15870503,20,0,0.125,0.2625,0.0375,0.1,0.38125000000000003,0.1,0.1625
45544469_6_first_normal_1781918871704_15870503,21,0,0.0875,0.2375,0.0125,0.13749999999999998,0.38125,0.0875,0.1
45544469_6_first_normal_1781918871704_15870503,22,0,0.05,0.25,0.0125,-0.025000000000000022,0.23124999999999998,0.075,0.275
45544469_6_first_normal_1781918871704_15870503,23,0,0.2375,0.5125,0.0375,0.062499999999999944,0.59375,0.15,0.45
45544469_6_first_normal_1781918871704_15870503,24,0,0.1,0.4875,0.0125,-0.12500000000000006,0.3687499999999999,0.3,0.6125
45544469_6_first_normal_1781918871704_15870503,25,0,0.0,0.1375,0.0,0.037500000000000006,0.17500000000000002,0.0,0.1
45544469_6_first_normal_1781918871704_15870503,26,0,0.0625,0.15,0.0375,-0.1,0.06874999999999999,0.05,0.25
45544469_6_first_normal_1781918871704_15870503,27,0,0.0125,0.1,0.0125,0.08750000000000001,0.19375,0.05,0.0125
45544469_6_first_normal_1781918871704_15870503,28,0,0.0,0.025,0.0,0.025,0.05,0.0125,0.0
45544469_6_first_normal_1781918871704_15870503,29,0,0.0,0.0,0.0,0.0,0.0,0.0,0.0
45566458_6_first_normal_1782006172632_15944804,0,0,0.0875,0.275,0.025,0.16250000000000003,0.45000000000000007,0.0,0.1125
45566458_6_first_normal_1782006172632_15944804,1,0,0.075,0.275,0.0125,0.08750000000000002,0.36875,0.025,0.1875
45566458_6_first_normal_1782006172632_15944804,2,0,0.075,0.2875,0.0125,0.19999999999999998,0.4937499999999999,0.1125,0.0875
45566458_6_first_normal_1782006172632_15944804,3,0,0.0375,0.05,0.0125,-0.0625,-0.006249999999999997,0.0875,0.1125
45566458_6_first_normal_1782006172632_15944804,4,0,0.05,0.1375,0.0125,-0.012499999999999983,0.13125000000000003,0.075,0.15
45566458_6_first_normal_1782006172632_15944804,5,0,0.1375,0.3375,0.0375,0.12500000000000003,0.48125,0.1,0.2125
45566458_6_first_normal_1782006172632_15944804,6,0,0.1125,0.25,0.0375,0.04999999999999999,0.31875,0.0625,0.2
45566458_6_first_normal_1782006172632_15944804,7,0,0.1125,0.275,0.0375,0.08750000000000002,0.38125000000000003,0.1125,0.1875
45566458_6_first_normal_1782006172632_15944804,8,1,0.1,0.3625,0.0375,0.012500000000000011,0.39375,0.1375,0.35
45566458_6_first_normal_1782006172632_15944804,9,1,0.35,0.65,0.0875,-0.025000000000000022,0.66875,0.3,0.675
45566458_6_first_normal_1782006172632_15944804,10,0,0.025,0.1875,0.0125,-0.012500000000000011,0.18125,0.025,0.2
45566458_6_first_normal_1782006172632_15944804,11,0,0.075,0.175,0.0125,0.024999999999999994,0.20625,0.0875,0.15
45566458_6_first_normal_1782006172632_15944804,12,0,0.075,0.25,0.0125,0.0625,0.31875,0.1,0.1875
45566458_6_first_normal_1782006172632_15944804,13,0,0.075,0.2125,0.0375,0.0,0.23124999999999998,0.0375,0.2125
45566458_6_first_normal_1782006172632_15944804,14,0,0.1,0.25,0.025,-0.012500000000000011,0.25,0.0375,0.2625
45566458_6_first_normal_1782006172632_15944804,15,0,0.025,0.1375,0.0125,0.037500000000000006,0.18125000000000002,0.0625,0.1
45566458_6_first_normal_1782006172632_15944804,16,0,0.0875,0.2125,0.025,0.0875,0.3125,0.0375,0.125
45566458_6_first_normal_1782006172632_15944804,17,0,0.125,0.2125,0.0375,0.125,0.35625,0.05,0.0875
45566458_6_first_normal_1782006172632_15944804,18,0,0.1125,0.2875,0.0125,0.0,0.29374999999999996,0.025,0.2875
45566458_6_first_normal_1782006172632_15944804,19,0,0.125,0.3125,0.025,0.07500000000000001,0.4,0.0375,0.2375
45566458_6_first_normal_1782006172632_15944804,20,0,0.0875,0.225,0.0125,-0.012499999999999983,0.21875000000000003,0.0875,0.2375
45566458_6_first_normal_1782006172632_15944804,21,0,0.0625,0.175,0.025,0.03749999999999998,0.22499999999999998,0.0625,0.1375
45566458_6_first_normal_1782006172632_15944804,22,0,0.0625,0.2125,0.0125,0.0,0.21875,0.075,0.2125
45566458_6_first_normal_1782006172632_15944804,23,0,0.075,0.3,0.0125,0.012500000000000011,0.31875,0.1,0.2875
45566458_6_first_normal_1782006172632_15944804,24,0,0.0625,0.2625,0.0125,0.012500000000000011,0.28125,0.0875,0.25
45566458_6_first_normal_1782006172632_15944804,25,0,0.125,0.3625,0.025,-0.18750000000000006,0.18749999999999994,0.1625,0.55
45566458_6_first_normal_1782006172632_15944804,26,0,0.1375,0.5875,0.025,-0.03749999999999998,0.5625,0.125,0.625
45566458_6_first_normal_1782006172632_15944804,27,0,0.1625,0.8,0.05,0.07500000000000007,0.9000000000000001,0.275,0.725
45566458_6_first_normal_1782006172632_15944804,28,0,0.0625,0.1625,0.025,-0.725,-0.55,0.1625,0.8875
45566458_6_first_normal_1782006172632_15944804,29,1,0.1375,0.425,0.025,-0.3,0.1375,0.0875,0.725
45566458_6_first_normal_1782006172632_15944804,30,1,0.0375,0.1125,0.025,0.1,0.22500000000000003,0.05,0.0125
45566458_6_first_normal_1782006172632_15944804,31,0,0.025,0.025,0.025,0.025,0.0625,0.0375,0.0
45566458_6_first_normal_1782006172632_15944804,32,0,0.0,0.0,0.0,0.0,0.0,0.0,0.0
45566458_6_first_normal_1782006172632_15944804,33,0,0.0375,0.075,0.0125,0.049999999999999996,0.13125,0.0,0.025
45566458_6_first_normal_1782006172632_15944804,34,0,0.0125,0.0625,0.0125,0.05,0.11875000000000001,0.05,0.0125
45566458_6_first_normal_1782006172632_15944804,35,0,0.0125,0.0375,0.0125,0.0375,0.08125,0.025,0.0
45727462_6_first_normal_1782463362055_B04C0D8E,0,0,0.125,0.25,0.0125,-0.03749999999999998,0.21875000000000003,0.075,0.2875
45727462_6_first_normal_1782463362055_B04C0D8E,1,1,0.2875,0.6625,0.075,-0.16249999999999998,0.5375,0.0625,0.825
45727462_6_first_normal_1782463362055_B04C0D8E,2,1,0.3125,0.975,0.0375,0.9625,1.95625,0.5625,0.0125
45727462_6_first_normal_1782463362055_B04C0D8E,3,1,0.0125,0.1375,0.0125,0.08750000000000001,0.23125000000000004,0.0125,0.05
45727462_6_first_normal_1782463362055_B04C0D8E,4,0,0.1,0.475,0.0125,0.11249999999999999,0.5937499999999999,0.05,0.3625
45727462_6_first_normal_1782463362055_B04C0D8E,5,0,0.1375,0.4125,0.0375,0.0,0.43124999999999997,0.075,0.4125
45727462_6_first_normal_1782463362055_B04C0D8E,6,0,0.2,0.4125,0.0375,0.13749999999999996,0.56875,0.1375,0.275
45727462_6_first_normal_1782463362055_B04C0D8E,7,0,0.2,0.4625,0.025,0.17500000000000004,0.65,0.2625,0.2875
45727462_6_first_normal_1782463362055_B04C0D8E,8,0,0.2375,0.575,0.0375,0.04999999999999993,0.6437499999999999,0.15,0.525
45727462_6_first_normal_1782463362055_B04C0D8E,9,1,0.225,0.5125,0.025,-0.025000000000000022,0.49999999999999994,0.2375,0.5375
45727462_6_first_normal_1782463362055_B04C0D8E,10,1,0.225,0.9125,0.05,0.275,1.2125,0.1875,0.6375
45727462_6_first_normal_1782463362055_B04C0D8E,11,1,0.2625,1.0,0.075,1.0,2.0375,0.1875,0.0
45727462_6_first_normal_1782463362055_B04C0D8E,12,1,0.025,0.1375,0.0125,-0.09999999999999998,0.04375000000000003,0.05,0.2375
45727462_6_first_normal_1782463362055_B04C0D8E,13,0,0.0875,0.4625,0.025,0.025000000000000022,0.5,0.0875,0.4375
45727462_6_first_normal_1782463362055_B04C0D8E,14,0,0.3125,0.6125,0.0375,0.25000000000000006,0.8812500000000001,0.1,0.3625
45727462_6_first_normal_1782463362055_B04C0D8E,15,1,0.2,0.5375,0.0375,0.0625,0.61875,0.1875,0.475
45727462_6_first_normal_1782463362055_B04C0D8E,16,1,0.25,0.6125,0.0375,0.5375000000000001,1.1687500000000002,0.1625,0.075
45727462_6_first_normal_1782463362055_B04C0D8E,17,1,0.225,0.6625,0.025,0.32499999999999996,0.9999999999999999,0.025,0.3375
45727462_6_first_normal_1782463362055_B04C0D8E,18,1,0.3125,0.7,0.0875,0.19999999999999996,0.9437499999999999,0.2,0.5
45727462_6_first_normal_1782463362055_B04C0D8E,19,1,0.25,0.65,0.0375,0.5125,1.1812500000000001,0.075,0.1375
45727462_6_first_normal_1782463362055_B04C0D8E,20,1,0.075,0.275,0.025,0.05000000000000002,0.3375000000000001,0.0375,0.225
45727462_6_first_normal_1782463362055_B04C0D8E,21,0,0.1875,0.4875,0.0375,0.09999999999999998,0.60625,0.15,0.3875
45727462_6_first_normal_1782463362055_B04C0D8E,22,0,0.225,0.5375,0.025,0.07499999999999996,0.6249999999999999,0.175,0.4625
45727462_6_first_normal_1782463362055_B04C0D8E,23,1,0.1875,0.6125,0.0625,0.13750000000000007,0.7812500000000001,0.25,0.475
45727462_6_first_normal_1782463362055_B04C0D8E,24,1,0.1875,0.775,0.0375,0.6625,1.45625,0.225,0.1125
45727462_6_first_normal_1782463362055_B04C0D8E,25,1,0.2125,0.55,0.025,0.21250000000000002,0.775,0.05,0.3375
45727462_6_first_normal_1782463362055_B04C0D8E,26,0,0.2,0.6,0.0375,0.11249999999999999,0.73125,0.1875,0.4875
45727462_6_first_normal_1782463362055_B04C0D8E,27,0,0.225,0.7125,0.0125,0.2625,0.9812500000000001,0.175,0.45
45727462_6_first_normal_1782463362055_B04C0D8E,28,0,0.15,0.4625,0.025,0.07500000000000001,0.55,0.325,0.3875
45727462_6_first_normal_1782463362055_B04C0D8E,29,0,0.2,0.65,0.025,0.16250000000000003,0.825,0.2375,0.4875
45727462_6_first_normal_1782463362055_B04C0D8E,30,0,0.1375,0.6375,0.025,0.18749999999999994,0.8374999999999999,0.225,0.45
45727462_6_first_normal_1782463362055_B04C0D8E,31,0,0.2625,0.9125,0.0625,0.4875,1.43125,0.2,0.425
45727462_6_first_normal_1782463362055_B04C0D8E,32,0,0.1625,0.6,0.0375,0.125,0.74375,0.2125,0.475
45789553_6_first_normal_1782722591061_19199382,0,0,0.05,0.2,0.025,0.1375,0.35000000000000003,0.0125,0.0625
45789553_6_first_normal_1782722591061_19199382,1,0,0.0,0.0625,0.0,0.012499999999999997,0.075,0.025,0.05
45789553_6_first_normal_1782722591061_19199382,2,0,0.0375,0.15,0.0125,0.0875,0.24375,0.0125,0.0625
45789553_6_first_normal_1782722591061_19199382,3,0,0.05,0.1375,0.0125,0.05000000000000002,0.19375000000000003,0.025,0.0875
45789553_6_first_normal_1782722591061_19199382,4,0,0.0625,0.275,0.0125,0.11250000000000002,0.39375000000000004,0.025,0.1625
45789553_6_first_normal_1782722591061_19199382,5,0,0.075,0.2875,0.025,0.07499999999999998,0.37499999999999994,0.075,0.2125
45789553_6_first_normal_1782722591061_19199382,6,0,0.0875,0.2625,0.025,0.0625,0.3375,0.1125,0.2
45789553_6_first_normal_1782722591061_19199382,7,0,0.1625,0.4625,0.025,0.2625,0.7375,0.1,0.2
45789553_6_first_normal_1782722591061_19199382,8,1,0.1375,0.6375,0.025,0.21249999999999997,0.8624999999999998,0.1,0.425
45789553_6_first_normal_1782722591061_19199382,9,1,0.1875,0.4875,0.025,0.04999999999999999,0.5499999999999999,0.175,0.4375
45789553_6_first_normal_1782722591061_19199382,10,1,0.1625,0.35,0.0375,0.21249999999999997,0.58125,0.1,0.1375
45789553_6_first_normal_1782722591061_19199382,11,1,0.0875,0.3375,0.0375,0.11250000000000002,0.46875000000000006,0.0875,0.225
45789553_6_first_normal_1782722591061_19199382,12,0,0.175,0.4625,0.025,0.050000000000000044,0.525,0.0875,0.4125
45789553_6_first_normal_1782722591061_19199382,13,0,0.075,0.3125,0.0125,0.1375,0.45625,0.0625,0.175
45789553_6_first_normal_1782722591061_19199382,14,0,0.0375,0.125,0.0125,-0.0625,0.06875,0.0875,0.1875
45789553_6_first_normal_1782722591061_19199382,15,0,0.05,0.2375,0.025,0.09999999999999998,0.35,0.0625,0.1375
45789553_6_first_normal_1782722591061_19199382,16,0,0.1625,0.275,0.025,0.0,0.28750000000000003,0.1,0.275
45789553_6_first_normal_1782722591061_19199382,17,0,0.1875,0.3375,0.0375,0.2,0.5562500000000001,0.075,0.1375
45789553_6_first_normal_1782722591061_19199382,18,1,0.1125,0.3375,0.025,0.10000000000000003,0.45000000000000007,0.15,0.2375
45789553_6_first_normal_1782722591061_19199382,19,1,0.2,0.5375,0.025,0.14999999999999997,0.7,0.2125,0.3875
45789553_6_first_normal_1782722591061_19199382,20,1,0.1875,0.4125,0.0375,-0.050000000000000044,0.3812499999999999,0.1125,0.4625
45789553_6_first_normal_1782722591061_19199382,21,1,0.3625,0.7125,0.05,0.6875,1.4249999999999998,0.2375,0.025
45789553_6_first_normal_1782722591061_19199382,22,1,0.0875,0.3625,0.025,0.125,0.5,0.025,0.2375
45789553_6_first_normal_1782722591061_19199382,23,0,0.1,0.3875,0.025,0.025000000000000022,0.42500000000000004,0.05,0.3625
45789553_6_first_normal_1782722591061_19199382,24,0,0.2125,0.575,0.0375,0.33749999999999997,0.9312499999999999,0.025,0.2375
45789553_6_first_normal_1782722591061_19199382,25,0,0.0,0.0875,0.0,0.0,0.0875,0.0375,0.0875
45789553_6_first_normal_1782722591061_19199382,26,0,0.05,0.1125,0.0125,0.012499999999999997,0.13125,0.0125,0.1
45789553_6_first_normal_1782722591061_19199382,27,0,0.1,0.2625,0.0125,0.012500000000000011,0.28125,0.0875,0.25
45789553_6_first_normal_1782722591061_19199382,28,1,0.15,0.4,0.025,-0.15000000000000002,0.2625,0.125,0.55
45789553_6_first_normal_1782722591061_19199382,29,1,0.1,0.2375,0.025,-0.08750000000000002,0.16249999999999998,0.1375,0.325
45789553_6_first_normal_1782722591061_19199382,30,1,0.1375,0.525,0.0375,0.325,0.8687500000000001,0.075,0.2
45789553_6_first_normal_1782722591061_19199382,31,1,0.175,0.4875,0.025,0.03749999999999998,0.5374999999999999,0.1875,0.45
45789553_6_first_normal_1782722591061_19199382,32,1,0.225,0.6875,0.0375,0.5125,1.21875,0.175,0.175
