sku_code,sku_name,reference_images,产品分类（必填）,助记码,追踪
130200002926,每日鲜语4.0鲜牛奶PET瓶250ml,https://i.postimg.cc/5NX8xwmW/130200002926-mei-ri-xian-yu-xian-niu-nai-bao-zhuang250-bai-gai-4-0.png,,,重点品项
130200001752,每日鲜语鲜牛奶PET瓶装250mL,https://i.postimg.cc/6qjVMcL6/130200001752-mei-ri-xian-yu-xian-niu-nai-bao-zhuang250-bai-gai-quan-zhi.png,鲜奶/每日鲜语/4.0全脂,每日鲜语4.0250ml,重点品项
130200002735,每日鲜语鲜牛奶屋顶包950ml,https://i.postimg.cc/26pzgL7T/130200002735-mei-ri-xian-yu-xian-niu-nai-wu-ding-bao950ml-jpg.png,,,
130200004047,每日鲜语小鲜语全脂3.6鲜牛奶450ml,https://i.postimg.cc/1RBQrjbh/130200004047-mei-ri-xian-yu-xiao-xian-yu-quan-zhi3-6xian-niu-nai450ml.png,鲜奶/每日鲜语/小鲜语,小鲜语全脂450ml,重点品项
1157703,君乐宝悦鲜活牛奶250+10ML,https://i.postimg.cc/x15QtFXf/Fo33t-ZS0Fd-24v-pm-L5ja-U1VAQQJ.jpg,,,竞品
1041069,伊利金典鲜牛奶235ML,https://i.postimg.cc/gkHhYmw6/jin-dian-xian-niu-nai235.jpg,,,竞品
130200004281,牧场直送0乳糖冷藏软牛奶185ml,https://i.postimg.cc/44h6Gpcr/mu-chang-zhi-song-ruan-niu-nai185.png,鲜奶/现代牧场,软牛奶185ml,重点品项
130200004141,每日鲜语云上有机鲜牛奶720ml,https://i.postimg.cc/85mWwh7g/yun-shang-you-ji720ml-xin-pin-bao-zhuang-xiao-guo-tu.png,鲜奶/每日鲜语/沙漠有机,云上有机720ml,重点品项
130200002925,每日鲜语4.0鲜牛奶PET瓶720ml,https://i.postimg.cc/wBBcJPGW/mei-ri-xian-yu-xian-niu-nai-bao-zhuang7204-0.png,鲜奶/每日鲜语/4.0全脂,每日鲜语4.0720ml,重点品项
130200002924,每日鲜语4.0鲜牛奶PET瓶1000ml,https://i.postimg.cc/Y9G6DFkR/mei-ri-xian-yu-xian-niu-nai-bao-zhuang1L4-0.png,鲜奶/每日鲜语/4.0全脂,每日鲜语4.01000ml,重点品项
