gt_index,manual_price,api_index,api_price,status,difference,iou,price_confidence
1,23.00,84,23.90,same_yuan,0.9,0.77,0.95
2,15.00,86,15.00,exact,0.0,0.755,0.95
3,18.90,88,18.80,within_0.10,0.1,0.89,1.0
4,20.80,89,20.80,exact,0.0,0.819,0.95
5,12.80,90,12.90,within_0.10,0.1,0.8,0.95
6,21.80,91,21.90,within_0.10,0.1,0.619,1.0
7,18.90,93,18.90,exact,0.0,0.528,0.95
8,19.90,95,19.90,exact,0.0,0.634,1.0
9,15.90,96,15.90,exact,0.0,0.692,1.0
10,15.90,97,15.90,exact,0.0,0.665,0.95
11,18.80,98,18.50,same_yuan,0.3,0.73,0.95
12,18.80,99,18.50,same_yuan,0.3,0.882,0.95
13,8.90,,,missed,,,
14,4.90,4,4.80,within_0.10,0.1,0.687,0.99
15,4.90,,,missed,,,
16,4.90,18,4.80,within_0.10,0.1,0.677,0.97
17,9.90,7,9.90,exact,0.0,0.541,0.99
18,4.90,,,missed,,,
19,4.90,,,missed,,,
20,8.90,,,missed,,,
21,16.90,,,missed,,,
22,13.90,,,missed,,,
23,6.90,,,missed,,,
24,9.90,29,9.90,exact,0.0,0.717,0.99
25,8.90,30,8.50,same_yuan,0.4,0.697,0.98
26,9.90,32,9.60,same_yuan,0.3,0.567,0.96
27,8.90,35,8.00,same_yuan,0.9,0.697,0.93
28,8.90,,,missed,,,
29,6.90,39,6.90,exact,0.0,0.785,0.89
30,6.90,,,missed,,,
31,8.90,40,8.30,same_yuan,0.6,0.703,0.87
32,5.90,,,missed,,,
33,4.90,,,missed,,,
34,6.90,,,missed,,,
35,5.90,,,missed,,,
36,5.90,,,missed,,,
37,8.90,47,8.90,exact,0.0,0.629,0.99
38,8.90,48,8.90,exact,0.0,0.519,0.98
39,5.90,49,5.00,same_yuan,0.9,0.601,0.97
40,5.90,50,5.00,same_yuan,0.9,0.672,0.96
41,13.90,51,13.90,exact,0.0,0.672,0.98
42,13.90,52,13.90,exact,0.0,0.578,0.97
43,8.90,53,8.80,within_0.10,0.1,0.582,0.96
44,8.90,,,missed,,,
45,8.90,,,missed,,,
46,12.80,,,missed,,,
47,3.90,58,12.80,wrong,8.9,0.507,0.96
48,3.90,60,3.50,same_yuan,0.4,0.538,0.94
49,3.90,61,3.50,same_yuan,0.4,0.685,0.93
50,13.90,63,13.00,same_yuan,0.9,0.522,0.9
51,8.90,76,8.00,same_yuan,0.9,0.724,0.99
52,3.90,66,3.00,same_yuan,0.9,0.679,0.98
53,3.90,67,3.00,same_yuan,0.9,0.668,0.97
54,4.90,68,4.90,exact,0.0,0.617,0.99
55,2.90,,,missed,,,
56,2.90,77,2.00,same_yuan,0.9,0.651,0.97
57,4.90,79,4.00,same_yuan,0.9,0.629,0.97
58,3.90,80,3.00,same_yuan,0.9,0.578,0.96
59,3.90,,,missed,,,
60,3.90,,,missed,,,
61,12.80,46,12.80,exact,0.0,0.789,0.99
62,14.90,83,14.90,exact,0.0,0.796,0.95
63,15.50,82,15.50,exact,0.0,0.69,0.95
64,14.50,81,14.50,exact,0.0,0.572,0.95
65,12.90,85,12.90,exact,0.0,0.856,0.95
66,33.90,87,33.90,exact,0.0,0.752,0.95
67,8.50,1,8.50,exact,0.0,0.51,0.99
68,8.90,3,8.90,exact,0.0,0.594,0.98
69,8.90,,,missed,,,
70,5.90,,,missed,,,
71,5.90,,,missed,,,
72,6.80,28,6.80,exact,0.0,0.558,0.92
73,6.80,16,6.80,exact,0.0,0.603,0.94
74,12.50,31,12.50,exact,0.0,0.761,0.97
75,4.50,33,4.50,exact,0.0,0.621,0.95
76,6.90,38,6.90,exact,0.0,0.536,0.9
77,8.90,54,8.80,within_0.10,0.1,0.512,0.95
78,16.90,62,16.80,within_0.10,0.1,0.754,0.91
