image,row,true_row,n,h_med,h_cv,w_med,w_cv,w_over_h,gap_med,gap_ratio,ent_per_100px,span_ratio,angle,bot_align,top_align,bot_edge_sup
45035165,0,0,23,19.0,0.347,38.0,0.818,2.0,26.0,0.684,1.172,0.982,0.062,0.435,0.783,0.625
45035165,1,0,17,25.0,0.543,36.0,0.662,1.44,15.0,0.417,1.038,0.819,0.138,0.471,0.471,0.775
45035165,2,1,24,28.5,0.525,50.5,0.864,1.772,35.0,0.693,1.221,0.983,0.133,0.583,0.417,0.825
45035165,3,1,23,23.0,0.451,46.0,0.756,2.0,56.5,1.228,1.165,0.987,-0.351,0.522,0.478,0.7
45035165,4,1,11,28.0,0.627,86.0,0.588,3.071,15.5,0.18,0.749,0.734,-0.078,0.273,0.636,0.75
45035165,5,1,36,20.0,0.447,40.5,0.454,2.025,12.0,0.296,1.879,0.958,0.23,0.556,0.528,0.85
45035165,6,1,25,23.0,0.477,47.0,0.598,2.043,28.5,0.606,1.251,1.0,-0.094,0.36,0.52,0.65
45035165,7,1,20,34.5,0.498,47.5,0.429,1.377,40.5,0.853,1.018,0.982,0.1,0.45,0.35,0.425
45035165,8,0,12,27.5,0.38,34.5,0.422,1.255,37.0,1.072,0.729,0.823,-0.052,0.583,0.667,0.375
45035165,9,0,14,21.5,0.587,39.5,0.485,1.837,30.5,0.772,0.907,0.771,-0.067,0.5,0.429,0.625
45035165,10,0,22,30.0,0.56,45.5,0.433,1.517,45.0,0.989,1.132,0.972,0.067,0.273,0.364,0.55
45035165,11,1,23,24.0,0.635,26.0,0.628,1.083,17.0,0.654,1.171,0.982,0.021,0.565,0.478,0.825
45035165,12,1,23,19.0,0.28,34.0,0.386,1.789,15.0,0.441,1.253,0.918,0.282,0.696,0.435,0.925
45035165,13,1,35,20.0,0.408,41.0,0.544,2.05,2.5,0.061,1.778,0.984,0.134,0.457,0.657,0.825
45035165,14,1,26,28.0,0.43,35.0,0.736,1.25,19.0,0.543,1.303,0.998,-0.008,0.654,0.538,0.675
45035165,15,0,19,25.0,0.551,34.0,1.119,1.36,17.0,0.5,1.193,0.796,-0.126,0.579,0.579,0.675
45035165,16,0,12,24.0,0.32,39.5,0.436,1.646,59.0,1.494,0.696,0.862,-0.067,0.5,0.667,0.65
45035165,17,0,23,30.0,0.338,43.0,0.285,1.433,54.5,1.267,1.181,0.974,0.38,0.609,0.348,0.475
45035165,18,0,21,25.0,0.572,38.0,0.315,1.52,43.0,1.132,1.066,0.985,0.002,0.429,0.333,0.3
45035165,19,0,14,24.0,0.544,37.5,0.51,1.562,35.5,0.947,0.725,0.966,-0.255,0.429,0.5,0.525
45035165,20,0,13,21.0,0.468,28.0,0.49,1.333,20.5,0.732,0.681,0.955,0.239,0.385,0.385,0.45
45035165,21,0,19,29.0,0.471,50.0,0.357,1.724,26.0,0.52,1.09,0.872,-0.094,0.368,0.368,0.55
45035165,22,0,20,21.0,0.573,42.0,0.457,2.0,38.0,0.905,1.002,0.998,-0.136,0.35,0.35,0.55
45035165,23,0,19,22.0,0.507,29.0,0.443,1.318,50.0,1.724,0.951,0.999,0.141,0.474,0.632,0.825
45035165,24,0,18,23.5,0.432,24.5,0.471,1.043,30.0,1.224,0.981,0.917,-0.341,0.444,0.611,0.65
45035165,25,0,6,23.5,0.371,24.0,0.794,1.021,15.0,0.625,0.349,0.86,0.209,0.833,0.833,0.9
45035165,26,0,25,27.0,0.637,34.0,0.979,1.259,43.0,1.265,1.411,0.886,-0.181,0.32,0.4,0.7
45035165,27,1,11,36.0,0.514,33.0,0.693,0.917,66.0,2.0,0.561,0.98,0.053,0.364,0.818,1.0
45035165,28,1,9,33.0,0.472,77.0,0.721,2.333,77.5,1.006,0.484,0.93,-0.534,0.444,0.444,0.75
45035165,29,1,38,22.0,0.465,52.0,0.523,2.364,33.0,0.635,1.918,0.991,0.237,0.395,0.421,0.725
45524464,0,0,21,20.0,0.218,33.0,0.711,1.65,33.5,1.015,1.094,1.0,0.035,0.762,0.857,0.525
45524464,1,0,24,25.0,0.52,39.5,1.052,1.58,36.5,0.924,1.386,0.902,-0.071,0.667,0.458,0.525
45524464,2,1,18,21.5,0.552,39.5,0.515,1.837,18.5,0.468,0.996,0.942,0.133,0.556,0.667,0.6
45524464,3,1,13,20.0,0.348,38.0,0.25,1.9,11.0,0.289,0.81,0.836,0.245,0.462,0.769,0.65
45524464,4,1,17,20.0,0.329,29.0,0.8,1.45,17.0,0.586,0.939,0.943,0.125,0.471,0.529,0.55
45524464,5,1,20,21.5,0.592,43.5,0.859,2.023,32.0,0.736,1.084,0.961,-0.051,0.45,0.3,0.65
45524464,6,1,18,22.5,0.633,47.0,0.734,2.089,12.0,0.255,1.051,0.892,0.185,0.556,0.333,0.65
45524464,7,1,19,25.0,0.487,46.0,0.788,1.84,57.0,1.239,1.026,0.964,0.237,0.474,0.474,0.6
45524464,8,1,15,20.0,0.6,50.0,0.559,2.5,30.0,0.6,0.888,0.88,0.144,0.667,0.667,0.375
45524464,9,1,8,21.0,0.301,57.0,0.439,2.714,47.5,0.833,0.49,0.849,-0.159,0.875,0.75,0.375
45524464,10,0,12,29.0,0.418,44.0,0.702,1.517,40.0,0.909,0.672,0.93,-0.011,0.417,0.5,0.3
45524464,11,0,12,21.5,0.385,43.5,0.345,2.023,27.5,0.632,0.625,1.0,0.259,0.75,0.5,0.125
45524464,12,0,15,20.0,0.517,22.0,0.703,1.1,15.0,0.682,0.905,0.863,0.6,0.733,0.533,0.05
45524464,13,0,14,24.0,0.648,34.0,0.797,1.417,25.0,0.735,0.732,0.996,-0.091,0.357,0.5,0.325
45524464,14,0,7,35.0,0.488,37.0,1.233,1.057,51.0,1.378,0.42,0.868,0.105,0.571,0.429,0.45
45524464,15,0,13,30.0,0.351,64.0,0.479,2.133,21.0,0.328,0.773,0.876,-0.135,0.462,0.538,0.5
45524464,16,0,15,23.0,0.446,58.0,0.423,2.522,17.5,0.302,0.882,0.886,-0.305,0.333,0.6,0.625
45524464,17,0,13,27.0,0.63,44.0,0.803,1.63,9.0,0.205,0.738,0.917,0.556,0.462,0.538,0.525
45524464,18,0,16,33.5,0.519,59.0,0.468,1.761,16.0,0.271,0.867,0.961,0.003,0.562,0.5,0.575
45524464,19,0,12,20.5,0.701,38.5,0.463,1.878,45.0,1.169,0.704,0.888,-0.115,0.417,0.5,0.475
45524464,20,0,20,33.0,0.537,40.5,0.527,1.227,42.5,1.049,1.106,0.942,0.211,0.4,0.6,0.575
45524464,21,0,17,25.0,0.507,32.0,0.556,1.28,36.0,1.125,0.927,0.955,0.248,0.471,0.706,0.75
45524464,22,0,16,22.0,0.347,32.0,0.351,1.455,30.5,0.953,0.923,0.903,0.107,0.75,0.688,0.75
45524464,23,0,29,21.0,0.459,34.0,0.476,1.619,29.5,0.868,1.593,0.948,-0.015,0.483,0.621,0.75
45524464,24,1,18,26.0,0.588,61.5,0.442,2.365,79.0,1.285,0.951,0.985,0.034,0.389,0.444,0.7
45524464,25,1,9,16.0,0.145,28.0,0.683,1.75,5.5,0.196,0.52,0.901,0.144,0.889,0.889,0.825
45524464,26,1,23,20.0,0.631,40.0,1.052,2.0,5.0,0.125,1.446,0.829,0.014,0.391,0.522,0.95
45524464,27,1,12,28.0,0.362,48.0,0.651,1.714,50.0,1.042,0.625,1.0,0.219,0.75,0.5,0.675
45524464,28,0,9,21.0,0.503,28.0,0.81,1.333,15.5,0.554,1.124,0.417,-0.368,0.667,0.778,0.55
45524464,29,0,31,23.0,0.567,56.0,0.841,2.435,27.0,0.482,1.7,0.949,-0.135,0.323,0.613,0.625
45524464,30,0,18,18.5,0.349,45.5,0.422,2.459,12.0,0.264,0.949,0.988,0.003,1.0,0.667,0.3
45544469,0,0,9,39.0,0.244,39.0,0.338,1.0,29.0,0.744,0.544,0.828,-0.048,0.556,0.667,0.425
45544469,1,0,14,39.0,0.485,52.5,0.454,1.346,15.0,0.286,0.716,0.977,0.215,0.5,0.214,0.475
45544469,2,0,12,26.5,0.415,39.0,0.422,1.472,5.0,0.128,0.742,0.808,-0.089,0.5,0.583,0.5
45544469,3,0,10,40.0,0.616,52.0,0.598,1.3,20.5,0.394,0.571,0.875,0.228,0.4,0.0,0.475
45544469,4,0,18,36.5,0.548,36.5,0.575,1.0,23.0,0.63,0.9,1.0,-0.195,0.222,0.333,0.55
45544469,5,0,8,48.0,0.486,55.5,0.389,1.156,26.0,0.468,0.978,0.409,0.127,0.5,0.25,0.425
45544469,6,0,12,43.5,0.471,45.0,0.502,1.034,58.0,1.289,0.676,0.887,0.306,0.583,0.333,0.525
45544469,7,0,10,37.0,0.668,37.0,0.659,1.0,7.0,0.189,0.632,0.791,-0.142,0.3,0.5,0.425
45544469,8,0,10,39.0,0.381,51.0,0.437,1.308,83.5,1.637,0.524,0.955,0.332,0.5,0.4,0.75
45544469,9,1,11,30.0,0.264,55.0,0.915,1.833,0.0,0.0,0.644,0.854,0.201,0.364,0.727,0.825
45544469,10,1,25,35.0,0.347,44.0,0.559,1.257,36.5,0.83,1.27,0.984,-0.458,0.28,0.64,0.55
45544469,11,0,11,34.0,0.244,41.0,0.329,1.206,51.5,1.256,0.635,0.867,-0.205,0.545,0.636,0.6
45544469,12,0,12,32.0,0.301,29.5,0.439,0.922,32.0,1.085,0.684,0.877,1.692,0.5,0.5,0.675
45544469,13,0,20,35.5,0.376,41.5,0.525,1.169,42.0,1.012,1.194,0.838,0.415,0.5,0.3,0.6
45544469,14,0,27,45.0,0.584,57.0,0.699,1.267,36.5,0.64,1.35,1.0,-0.089,0.37,0.407,0.825
45544469,15,0,19,27.0,0.22,33.0,0.582,1.222,18.0,0.545,0.998,0.952,-0.397,0.737,0.579,0.9
45544469,16,1,21,39.0,0.364,92.0,0.478,2.359,36.0,0.391,1.076,0.976,-0.832,0.81,0.143,1.0
45544469,17,1,20,32.0,0.357,57.5,0.528,1.797,22.0,0.383,1.012,0.988,-0.226,0.5,0.45,0.325
45544469,18,0,27,33.0,0.392,53.0,0.402,1.606,31.0,0.585,1.608,0.84,0.322,0.481,0.444,0.375
45544469,19,0,31,33.0,0.397,53.0,0.326,1.606,27.0,0.509,1.56,0.994,0.013,0.419,0.355,0.375
45544469,20,0,6,33.5,0.6,27.5,0.63,0.821,30.0,1.091,0.36,0.833,0.169,0.5,0.667,0.425
45544469,21,0,25,40.0,0.533,48.0,0.61,1.2,34.5,0.719,1.302,0.96,-0.028,0.16,0.16,0.35
45544469,22,0,15,38.0,0.506,42.0,0.994,1.105,29.0,0.69,0.786,0.954,-0.064,0.467,0.467,0.525
45544469,23,0,23,44.0,0.432,46.0,0.648,1.045,33.0,0.717,1.173,0.981,0.552,0.261,0.522,0.825
45544469,24,0,8,26.5,0.288,93.5,0.489,3.528,41.0,0.439,0.44,0.91,0.335,0.875,0.75,0.9
45544469,25,0,20,28.5,0.203,36.0,0.666,1.263,8.0,0.222,1.06,0.943,-0.552,0.7,0.4,0.2
45544469,26,0,17,29.0,0.551,38.0,1.406,1.31,18.5,0.487,1.274,0.667,-0.226,0.353,0.353,0.525
45544469,27,0,10,24.5,0.329,34.0,0.698,1.388,21.0,0.618,0.575,0.869,-0.387,0.4,0.5,0.1
45544469,28,0,21,29.0,0.429,39.0,0.576,1.345,20.0,0.513,1.212,0.866,0.908,0.381,0.476,0.05
45544469,29,0,33,29.0,0.199,39.0,0.561,1.345,27.5,0.705,1.676,0.985,0.838,0.606,0.515,0.025
45566458,0,0,15,28.0,0.307,68.0,0.471,2.429,27.0,0.397,0.878,0.855,-0.256,0.2,0.867,0.45
45566458,1,0,20,31.5,0.258,43.5,0.576,1.381,24.0,0.552,1.071,0.934,0.38,0.35,0.65,0.475
45566458,2,0,14,31.0,0.425,35.5,0.582,1.145,69.0,1.944,0.825,0.849,-0.485,0.429,0.714,0.525
45566458,3,0,24,33.0,0.543,67.5,0.569,2.045,72.0,1.067,1.322,0.907,-0.315,0.375,0.542,0.25
45566458,4,0,11,33.0,0.595,50.0,0.443,1.515,22.0,0.44,0.638,0.862,-0.776,0.727,0.545,0.3
45566458,5,0,13,50.0,0.381,39.0,0.472,0.78,81.5,2.09,0.692,0.94,-0.168,0.308,0.538,0.425
45566458,6,0,8,37.5,0.536,41.0,0.473,1.093,34.0,0.829,0.471,0.85,-0.619,0.375,0.25,0.4
45566458,7,0,12,42.0,0.505,71.0,0.666,1.69,14.5,0.204,0.637,0.942,0.374,0.417,0.583,0.4
45566458,8,1,10,35.5,0.253,46.5,0.612,1.31,15.5,0.333,0.538,0.93,-0.028,0.9,0.6,0.675
45566458,9,1,23,59.0,0.322,68.0,0.611,1.153,8.0,0.118,1.196,0.962,-1.021,0.565,0.652,1.0
45566458,10,0,12,42.5,0.397,108.0,0.412,2.541,99.0,0.917,0.636,0.944,-0.305,0.5,0.417,0.4
45566458,11,0,17,47.0,0.627,80.0,1.038,1.702,40.5,0.506,0.916,0.928,-0.284,0.353,0.235,0.35
45566458,12,0,14,42.0,0.502,69.0,0.619,1.643,138.5,2.007,0.71,0.987,0.009,0.429,0.357,0.375
45566458,13,0,12,34.0,0.443,79.0,0.527,2.324,16.0,0.203,0.803,0.748,0.313,0.417,0.417,0.4
45566458,14,0,20,43.5,0.553,50.5,0.61,1.161,41.0,0.812,1.07,0.934,0.044,0.3,0.4,0.425
45566458,15,0,12,30.5,0.742,63.5,0.534,2.082,22.0,0.346,0.622,0.965,-0.035,0.417,0.0,0.35
45566458,16,0,10,33.0,0.458,38.5,0.615,1.167,25.5,0.662,0.528,0.947,0.129,0.3,0.3,0.25
45566458,17,0,13,34.0,0.663,40.0,0.911,1.176,18.0,0.45,0.683,0.952,0.083,0.462,0.385,0.3
45566458,18,0,14,28.0,0.442,32.0,0.454,1.143,46.5,1.453,0.724,0.967,-0.214,0.214,0.571,0.425
45566458,19,0,17,34.0,0.577,64.0,0.462,1.882,113.0,1.766,0.887,0.959,0.062,0.353,0.412,0.525
45566458,20,0,5,37.0,0.727,43.0,0.581,1.162,88.5,2.058,0.254,0.984,0.165,0.6,0.8,0.475
45566458,21,0,12,36.5,0.65,83.0,0.438,2.274,98.0,1.181,0.683,0.878,-0.552,0.417,0.25,0.525
45566458,22,0,9,36.0,0.557,41.0,0.71,1.139,23.0,0.561,0.511,0.88,-0.077,0.333,0.444,0.325
45566458,23,0,9,26.0,0.458,36.0,0.722,1.385,76.0,2.111,0.609,0.739,0.161,0.333,0.444,0.5
45566458,24,0,13,40.0,0.652,84.0,0.53,2.1,46.0,0.548,0.663,0.981,-0.108,0.385,0.231,0.425
45566458,25,0,15,37.0,0.348,42.0,0.416,1.135,35.0,0.833,0.817,0.917,0.05,0.333,0.4,0.825
45566458,26,0,11,38.0,0.137,34.0,0.484,0.895,38.0,1.118,0.583,0.944,-0.688,1.0,0.818,1.0
45566458,27,0,58,30.0,0.152,30.5,0.42,1.017,15.0,0.492,2.92,0.993,-0.826,1.0,0.948,1.0
45566458,28,0,34,29.5,0.243,43.0,0.767,1.458,16.0,0.372,1.878,0.905,-0.848,0.559,0.794,1.0
45566458,29,1,26,37.0,0.528,43.0,1.078,1.162,3.0,0.07,1.316,0.988,-0.911,0.308,0.577,0.75
45566458,30,1,12,31.0,0.273,34.0,0.782,1.097,32.0,0.941,0.722,0.832,0.097,0.333,0.333,0.15
45566458,31,0,21,32.0,0.347,43.0,0.514,1.344,24.5,0.57,1.058,0.992,0.055,0.476,0.381,0.025
45566458,32,0,15,28.0,0.696,45.0,0.844,1.607,28.0,0.622,0.776,0.967,0.143,0.533,0.6,0.0
45566458,33,0,16,26.5,0.66,29.5,0.822,1.113,51.0,1.729,0.81,0.988,0.096,0.438,0.312,0.125
45566458,34,0,27,36.0,0.471,50.0,1.066,1.389,22.0,0.44,1.472,0.917,-0.063,0.333,0.37,0.125
45566458,35,0,9,27.0,0.166,25.0,0.492,0.926,46.5,1.86,0.62,0.726,0.054,0.889,0.778,0.025
45727462,0,0,19,33.0,0.514,51.0,0.408,1.545,51.5,1.01,1.002,0.949,0.323,0.211,0.684,0.575
45727462,1,1,5,50.0,0.18,45.0,0.314,0.9,65.0,1.444,0.868,0.288,-1.637,0.8,0.6,0.975
45727462,2,1,31,43.0,0.258,89.0,0.389,2.07,6.5,0.073,1.662,0.932,-0.144,0.645,0.742,0.975
45727462,3,1,6,30.0,0.19,39.0,0.646,1.3,37.0,0.949,0.523,0.574,0.419,0.5,0.5,0.275
45727462,4,0,37,30.0,0.4,54.0,0.746,1.8,8.5,0.157,1.879,0.985,-0.025,0.703,0.459,0.675
45727462,5,0,15,29.0,0.589,39.0,0.455,1.345,16.0,0.41,0.818,0.917,-0.086,0.467,0.6,0.725
45727462,6,0,12,28.5,0.247,32.0,0.472,1.123,58.0,1.812,0.667,0.9,0.079,0.333,0.583,0.65
45727462,7,0,12,69.0,0.548,61.5,0.437,0.891,96.5,1.569,0.625,0.96,0.111,0.25,0.167,0.7
45727462,8,0,9,36.0,0.713,47.0,0.574,1.306,103.0,2.191,0.515,0.875,-0.164,0.667,0.444,0.7
45727462,9,1,18,53.5,0.433,45.0,0.381,0.841,26.0,0.578,0.94,0.957,0.442,0.333,0.444,0.725
45727462,10,1,6,33.0,0.378,68.0,0.522,2.061,29.0,0.426,0.519,0.578,0.088,0.833,0.333,1.0
45727462,11,1,29,38.0,0.225,82.0,0.61,2.158,1.5,0.018,1.593,0.91,-0.125,0.69,0.793,1.0
45727462,12,1,12,34.0,0.456,54.5,0.968,1.603,9.0,0.165,0.638,0.941,0.115,0.333,0.25,0.375
45727462,13,0,12,42.5,0.652,64.0,1.44,1.506,35.0,0.547,0.638,0.941,-0.005,0.167,0.417,0.75
45727462,14,0,8,43.5,0.483,107.5,0.321,2.471,18.5,0.172,0.473,0.847,-0.343,0.375,0.25,0.75
45727462,15,1,16,37.0,0.453,36.0,1.139,0.973,63.5,1.764,0.913,0.876,0.527,0.438,0.25,0.775
45727462,16,1,30,32.5,0.208,75.0,0.467,2.308,50.0,0.667,1.589,0.944,-0.457,0.633,0.767,0.975
45727462,17,1,30,28.0,0.34,62.5,0.616,2.232,14.0,0.224,1.69,0.887,0.018,0.233,0.533,0.825
45727462,18,1,26,31.5,0.479,46.0,1.209,1.46,26.0,0.565,1.323,0.983,0.104,0.615,0.269,0.925
45727462,19,1,28,33.0,0.171,72.0,0.604,2.182,37.0,0.514,1.446,0.968,-0.553,0.857,0.821,0.925
45727462,20,1,16,38.0,0.289,59.0,0.604,1.553,5.0,0.085,0.831,0.963,-0.476,0.375,0.812,0.5
45727462,21,0,29,38.0,0.569,83.0,0.474,2.184,44.0,0.53,1.731,0.838,0.331,0.414,0.241,0.75
45727462,22,0,27,34.0,0.585,44.0,0.833,1.294,17.0,0.386,1.758,0.768,0.107,0.296,0.407,0.7
45727462,23,1,13,45.0,0.409,49.0,0.779,1.089,35.0,0.714,0.809,0.803,0.573,0.385,0.538,0.8
45727462,24,1,16,32.0,0.119,66.5,0.578,2.078,9.5,0.143,1.317,0.608,-0.666,1.0,0.875,0.975
45727462,25,1,35,37.0,0.348,51.0,0.54,1.378,13.0,0.255,2.008,0.872,0.084,0.543,0.657,0.775
45727462,26,0,33,44.0,0.628,60.0,0.892,1.364,11.5,0.192,1.863,0.885,-0.142,0.273,0.242,0.825
45727462,27,0,19,34.0,0.663,74.0,0.758,2.176,19.5,0.264,1.033,0.919,0.593,0.579,0.368,0.85
45727462,28,0,22,33.5,0.464,67.5,0.525,2.015,22.5,0.333,1.203,0.914,-0.54,0.5,0.591,0.8
45727462,29,0,33,37.0,0.548,53.0,0.772,1.432,11.0,0.208,1.684,0.98,-0.828,0.485,0.333,0.975
45727462,30,0,40,33.0,0.378,40.5,1.302,1.227,11.0,0.272,2.093,0.956,-0.339,0.625,0.425,0.95
45727462,31,0,11,29.0,0.152,26.0,0.857,0.897,33.0,1.269,0.603,0.912,-0.267,0.636,0.818,1.0
45727462,32,0,18,24.0,0.115,35.0,0.813,1.458,16.5,0.471,0.975,0.923,0.785,0.5,0.556,0.8
45789553,0,0,9,26.0,0.304,47.0,0.548,1.808,51.5,1.096,0.457,0.985,-1.142,0.667,0.667,0.3
45789553,1,0,8,24.5,0.71,33.0,0.924,1.347,33.0,1.0,0.431,0.927,0.061,0.5,0.75,0.225
45789553,2,0,12,21.5,0.278,39.0,0.6,1.814,22.0,0.564,0.629,0.954,0.145,0.5,0.667,0.3
45789553,3,0,9,20.0,0.302,25.0,0.505,1.25,42.0,1.68,0.513,0.877,-0.144,0.222,0.333,0.25
45789553,4,0,11,29.0,0.416,42.0,0.588,1.448,126.5,3.012,0.559,0.985,-0.059,0.455,0.636,0.5
45789553,5,0,25,26.0,0.521,37.0,0.768,1.423,31.0,0.838,1.268,0.986,-0.128,0.28,0.44,0.45
45789553,6,0,18,25.5,0.606,31.5,0.841,1.235,19.5,0.619,0.902,0.998,-0.066,0.333,0.556,0.55
45789553,7,0,23,33.0,0.665,52.0,0.783,1.576,4.5,0.087,1.215,0.947,-0.204,0.522,0.348,0.75
45789553,8,1,18,27.5,0.39,78.0,0.528,2.836,13.0,0.167,0.998,0.901,-0.399,0.667,0.556,0.95
45789553,9,1,15,19.0,0.542,56.0,0.698,2.947,35.5,0.634,0.802,0.935,0.091,0.533,0.667,0.775
45789553,10,1,12,23.5,0.303,35.0,0.49,1.489,37.0,1.057,1.012,0.593,-0.881,0.5,0.667,0.975
45789553,11,1,10,27.5,0.46,37.0,0.57,1.345,32.0,0.865,0.664,0.752,0.204,0.4,0.3,0.65
45789553,12,0,22,28.5,0.469,68.0,0.603,2.386,4.0,0.059,1.478,0.744,-0.256,0.409,0.545,0.65
45789553,13,0,21,32.0,0.461,42.0,0.507,1.312,29.0,0.69,1.624,0.646,0.343,0.571,0.524,0.525
45789553,14,0,32,24.0,0.418,32.5,1.021,1.354,12.0,0.369,1.607,0.996,0.706,0.781,0.5,0.35
45789553,15,0,19,22.0,0.606,33.0,0.579,1.5,51.0,1.545,1.014,0.937,-0.007,0.368,0.474,0.425
45789553,16,0,10,33.0,0.522,39.5,0.693,1.197,84.0,2.127,0.518,0.966,-0.012,0.5,0.5,0.3
45789553,17,0,20,29.0,0.679,37.0,0.431,1.276,32.0,0.865,1.071,0.934,-0.359,0.4,0.6,0.525
45789553,18,1,11,23.0,0.233,38.0,0.286,1.652,25.5,0.671,0.596,0.922,0.174,0.818,0.727,0.65
45789553,19,1,9,27.0,0.358,54.0,0.475,2.0,33.0,0.611,0.45,1.0,0.124,0.444,0.778,0.825
45789553,20,1,16,27.0,0.6,28.5,0.978,1.056,14.0,0.491,0.853,0.938,0.036,0.688,0.75,0.725
45789553,21,1,25,28.0,0.449,47.0,0.567,1.679,5.0,0.106,1.271,0.984,-0.549,0.68,0.4,0.95
45789553,22,1,10,40.0,0.582,51.0,0.943,1.275,28.5,0.559,0.573,0.873,-0.178,0.2,0.5,0.6
45789553,23,0,27,26.0,0.385,55.0,0.454,2.115,34.0,0.618,1.657,0.815,0.579,0.481,0.407,0.65
45789553,24,0,28,26.0,0.39,57.5,0.497,2.212,37.0,0.643,1.461,0.959,0.058,0.607,0.393,0.8
45789553,25,0,18,33.0,0.533,73.0,0.515,2.212,38.0,0.521,0.955,0.942,-0.386,0.389,0.389,0.325
45789553,26,0,10,30.0,0.589,38.5,0.464,1.283,44.5,1.156,0.814,0.614,-0.457,0.5,0.4,0.2
45789553,27,0,11,35.0,0.351,38.0,0.711,1.086,26.0,0.684,0.62,0.887,-0.356,0.455,0.636,0.575
45789553,28,1,15,33.0,0.291,30.0,0.351,0.909,53.5,1.783,0.824,0.91,-0.309,0.467,0.4,0.75
45789553,29,1,9,23.0,0.468,37.0,0.869,1.609,38.0,1.027,0.483,0.931,0.136,0.667,0.778,0.55
45789553,30,1,17,22.0,0.276,41.0,0.537,1.864,5.5,0.134,0.95,0.894,0.196,0.588,0.647,0.825
45789553,31,1,20,30.0,0.556,63.5,0.557,2.117,31.0,0.488,1.067,0.938,-0.18,0.35,0.65,0.825
45789553,32,1,11,28.0,0.381,44.0,0.971,1.571,51.0,1.159,0.56,0.983,-0.038,0.909,0.727,0.875
