image,row,label,containment_score,probability,predicted
45035165_6_first_normal_1781144340103_10029317,0,0,0.0,0.06986,False
45035165_6_first_normal_1781144340103_10029317,1,0,0.0,0.0142,False
45035165_6_first_normal_1781144340103_10029317,2,0,0.125,0.03655,False
45035165_6_first_normal_1781144340103_10029317,3,0,0.4965,0.02466,False
45035165_6_first_normal_1781144340103_10029317,4,1,0.875,0.55806,True
45035165_6_first_normal_1781144340103_10029317,5,1,0.5,0.01495,False
45035165_6_first_normal_1781144340103_10029317,6,0,0.25,0.01935,False
45035165_6_first_normal_1781144340103_10029317,7,0,0.0,0.0008,False
45035165_6_first_normal_1781144340103_10029317,8,0,0.0,0.00253,False
45035165_6_first_normal_1781144340103_10029317,9,0,0.0,0.00464,False
45035165_6_first_normal_1781144340103_10029317,10,0,0.0,0.0015,False
45035165_6_first_normal_1781144340103_10029317,11,0,0.2129,0.00972,False
45035165_6_first_normal_1781144340103_10029317,12,0,0.212,0.00856,False
45035165_6_first_normal_1781144340103_10029317,13,1,0.8516,0.05419,False
45035165_6_first_normal_1781144340103_10029317,14,0,0.2143,0.01279,False
45035165_6_first_normal_1781144340103_10029317,15,0,0.0,0.05063,False
45035165_6_first_normal_1781144340103_10029317,16,0,0.0,0.0132,False
45035165_6_first_normal_1781144340103_10029317,17,0,0.0,0.00024,False
45035165_6_first_normal_1781144340103_10029317,18,0,0.0,0.00016,False
45035165_6_first_normal_1781144340103_10029317,19,0,0.0,0.00535,False
45035165_6_first_normal_1781144340103_10029317,20,0,0.0,0.00055,False
45035165_6_first_normal_1781144340103_10029317,21,0,0.0,0.00285,False
45035165_6_first_normal_1781144340103_10029317,22,0,0.0,0.00222,False
45035165_6_first_normal_1781144340103_10029317,23,0,0.0,0.00979,False
45035165_6_first_normal_1781144340103_10029317,24,0,0.0,0.00666,False
45035165_6_first_normal_1781144340103_10029317,25,0,0.0,0.17784,False
45035165_6_first_normal_1781144340103_10029317,26,0,0.0,0.00834,False
45035165_6_first_normal_1781144340103_10029317,27,0,0.0,0.18848,False
45035165_6_first_normal_1781144340103_10029317,28,0,0.2353,0.2184,False
45035165_6_first_normal_1781144340103_10029317,29,1,0.9981,0.00698,False
45524464_6_first_normal_1781829504624_12327780,0,0,0.0,0.04188,False
45524464_6_first_normal_1781829504624_12327780,1,0,0.1,0.01206,False
45524464_6_first_normal_1781829504624_12327780,2,0,0.0998,0.07962,False
45524464_6_first_normal_1781829504624_12327780,3,0,0.1,0.13845,False
45524464_6_first_normal_1781829504624_12327780,4,0,0.2,0.01545,False
45524464_6_first_normal_1781829504624_12327780,5,0,0.1,0.0296,False
45524464_6_first_normal_1781829504624_12327780,6,0,0.3,0.0483,False
45524464_6_first_normal_1781829504624_12327780,7,0,0.2,0.01443,False
45524464_6_first_normal_1781829504624_12327780,8,0,0.2995,0.04599,False
45524464_6_first_normal_1781829504624_12327780,9,0,0.2,0.04114,False
45524464_6_first_normal_1781829504624_12327780,10,0,0.0989,0.00244,False
45524464_6_first_normal_1781829504624_12327780,11,0,0.0,0.00111,False
45524464_6_first_normal_1781829504624_12327780,12,0,0.0,0.00025,False
45524464_6_first_normal_1781829504624_12327780,13,0,0.0,0.00501,False
45524464_6_first_normal_1781829504624_12327780,14,0,0.0,0.00146,False
45524464_6_first_normal_1781829504624_12327780,15,0,0.0,0.04462,False
45524464_6_first_normal_1781829504624_12327780,16,0,0.0,0.26297,True
45524464_6_first_normal_1781829504624_12327780,17,0,0.0,0.02874,False
45524464_6_first_normal_1781829504624_12327780,18,0,0.0,0.03606,False
45524464_6_first_normal_1781829504624_12327780,19,0,0.0,0.01134,False
45524464_6_first_normal_1781829504624_12327780,20,0,0.0,0.01162,False
45524464_6_first_normal_1781829504624_12327780,21,0,0.0,0.05027,False
45524464_6_first_normal_1781829504624_12327780,22,0,0.0,0.04166,False
45524464_6_first_normal_1781829504624_12327780,23,0,0.0,0.08764,False
45524464_6_first_normal_1781829504624_12327780,24,0,0.0,0.04388,False
45524464_6_first_normal_1781829504624_12327780,25,0,0.0,0.34343,True
45524464_6_first_normal_1781829504624_12327780,26,0,0.1818,0.60072,True
45524464_6_first_normal_1781829504624_12327780,27,0,0.0,0.01442,False
45524464_6_first_normal_1781829504624_12327780,28,0,0.0,0.05563,False
45524464_6_first_normal_1781829504624_12327780,29,0,0.0,0.32451,True
45524464_6_first_normal_1781829504624_12327780,30,0,0.0,0.02358,False
45544469_6_first_normal_1781918871704_15870503,0,0,0.0,0.00252,False
45544469_6_first_normal_1781918871704_15870503,1,0,0.0,0.00214,False
45544469_6_first_normal_1781918871704_15870503,2,0,0.0,0.01153,False
45544469_6_first_normal_1781918871704_15870503,3,0,0.0,0.00078,False
45544469_6_first_normal_1781918871704_15870503,4,0,0.0,0.0053,False
45544469_6_first_normal_1781918871704_15870503,5,0,0.0,0.00068,False
45544469_6_first_normal_1781918871704_15870503,6,0,0.0,0.00098,False
45544469_6_first_normal_1781918871704_15870503,7,0,0.0,0.00426,False
45544469_6_first_normal_1781918871704_15870503,8,0,0.0,0.00547,False
45544469_6_first_normal_1781918871704_15870503,9,1,0.6591,0.18687,False
45544469_6_first_normal_1781918871704_15870503,10,0,0.0,0.02711,False
45544469_6_first_normal_1781918871704_15870503,11,0,0.0,0.00835,False
45544469_6_first_normal_1781918871704_15870503,12,0,0.0,0.00072,False
45544469_6_first_normal_1781918871704_15870503,13,0,0.0,0.00185,False
45544469_6_first_normal_1781918871704_15870503,14,0,0.0,0.07633,False
45544469_6_first_normal_1781918871704_15870503,15,0,0.0,0.08832,False
45544469_6_first_normal_1781918871704_15870503,16,0,0.0,0.43734,True
45544469_6_first_normal_1781918871704_15870503,17,0,0.0,0.0059,False
45544469_6_first_normal_1781918871704_15870503,18,0,0.0,0.00302,False
45544469_6_first_normal_1781918871704_15870503,19,0,0.0,0.00445,False
45544469_6_first_normal_1781918871704_15870503,20,0,0.0,0.00173,False
45544469_6_first_normal_1781918871704_15870503,21,0,0.0,0.001,False
45544469_6_first_normal_1781918871704_15870503,22,0,0.0,0.00513,False
45544469_6_first_normal_1781918871704_15870503,23,0,0.0,0.02826,False
45544469_6_first_normal_1781918871704_15870503,24,1,1.0,0.7252,True
45544469_6_first_normal_1781918871704_15870503,25,0,0.0,0.00085,False
45544469_6_first_normal_1781918871704_15870503,26,0,0.0,0.00464,False
45544469_6_first_normal_1781918871704_15870503,27,0,0.0,0.00049,False
45544469_6_first_normal_1781918871704_15870503,28,0,0.0,0.00013,False
45544469_6_first_normal_1781918871704_15870503,29,0,0.0,0.00012,False
45566458_6_first_normal_1782006172632_15944804,0,0,0.0,0.20571,False
45566458_6_first_normal_1782006172632_15944804,1,0,0.0,0.0093,False
45566458_6_first_normal_1782006172632_15944804,2,0,0.0,0.00943,False
45566458_6_first_normal_1782006172632_15944804,3,0,0.0,0.00625,False
45566458_6_first_normal_1782006172632_15944804,4,0,0.0,0.00125,False
45566458_6_first_normal_1782006172632_15944804,5,0,0.0,0.00033,False
45566458_6_first_normal_1782006172632_15944804,6,0,0.0,9e-05,False
45566458_6_first_normal_1782006172632_15944804,7,0,0.0,0.00321,False
45566458_6_first_normal_1782006172632_15944804,8,0,0.0,0.0103,False
45566458_6_first_normal_1782006172632_15944804,9,1,0.9072,0.31057,False
45566458_6_first_normal_1782006172632_15944804,10,0,0.0,0.01041,False
45566458_6_first_normal_1782006172632_15944804,11,0,0.0,0.00037,False
45566458_6_first_normal_1782006172632_15944804,12,0,0.0,0.00053,False
45566458_6_first_normal_1782006172632_15944804,13,0,0.0,0.00543,False
45566458_6_first_normal_1782006172632_15944804,14,0,0.0,0.0007,False
45566458_6_first_normal_1782006172632_15944804,15,0,0.0,8e-05,False
45566458_6_first_normal_1782006172632_15944804,16,0,0.0,4e-05,False
45566458_6_first_normal_1782006172632_15944804,17,0,0.0,0.00012,False
45566458_6_first_normal_1782006172632_15944804,18,0,0.0,0.00145,False
45566458_6_first_normal_1782006172632_15944804,19,0,0.0,0.00509,False
45566458_6_first_normal_1782006172632_15944804,20,0,0.0,0.00294,False
45566458_6_first_normal_1782006172632_15944804,21,0,0.0,0.00396,False
45566458_6_first_normal_1782006172632_15944804,22,0,0.0,0.00019,False
45566458_6_first_normal_1782006172632_15944804,23,0,0.0,0.00107,False
45566458_6_first_normal_1782006172632_15944804,24,0,0.0,0.001,False
45566458_6_first_normal_1782006172632_15944804,25,0,0.0,0.00852,False
45566458_6_first_normal_1782006172632_15944804,26,0,0.0,0.20051,False
45566458_6_first_normal_1782006172632_15944804,27,0,0.0,0.98667,True
45566458_6_first_normal_1782006172632_15944804,28,0,0.0,0.87904,True
45566458_6_first_normal_1782006172632_15944804,29,1,0.8333,0.04932,False
45566458_6_first_normal_1782006172632_15944804,30,0,0.0,3e-05,False
45566458_6_first_normal_1782006172632_15944804,31,0,0.0,6e-05,False
45566458_6_first_normal_1782006172632_15944804,32,0,0.0,0.00018,False
45566458_6_first_normal_1782006172632_15944804,33,0,0.0,2e-05,False
45566458_6_first_normal_1782006172632_15944804,34,0,0.0,0.00021,False
45566458_6_first_normal_1782006172632_15944804,35,0,0.0,0.00019,False
45727462_6_first_normal_1782463362055_B04C0D8E,0,0,0.0,0.03731,False
45727462_6_first_normal_1782463362055_B04C0D8E,1,0,0.0,0.06095,False
45727462_6_first_normal_1782463362055_B04C0D8E,2,1,0.9948,0.81225,True
45727462_6_first_normal_1782463362055_B04C0D8E,3,0,0.0,0.00124,False
45727462_6_first_normal_1782463362055_B04C0D8E,4,0,0.0,0.1015,False
45727462_6_first_normal_1782463362055_B04C0D8E,5,0,0.0,0.06879,False
45727462_6_first_normal_1782463362055_B04C0D8E,6,0,0.0,0.00945,False
45727462_6_first_normal_1782463362055_B04C0D8E,7,0,0.0,0.00989,False
45727462_6_first_normal_1782463362055_B04C0D8E,8,0,0.0,0.00354,False
45727462_6_first_normal_1782463362055_B04C0D8E,9,0,0.0,0.04857,False
45727462_6_first_normal_1782463362055_B04C0D8E,10,0,0.0,0.22748,True
45727462_6_first_normal_1782463362055_B04C0D8E,11,1,1.0,0.86212,True
45727462_6_first_normal_1782463362055_B04C0D8E,12,0,0.0,0.0124,False
45727462_6_first_normal_1782463362055_B04C0D8E,13,0,0.0,0.32264,True
45727462_6_first_normal_1782463362055_B04C0D8E,14,0,0.0,0.32838,True
45727462_6_first_normal_1782463362055_B04C0D8E,15,0,0.0,0.01522,False
45727462_6_first_normal_1782463362055_B04C0D8E,16,1,0.9986,0.63008,True
45727462_6_first_normal_1782463362055_B04C0D8E,17,0,0.0,0.57869,True
45727462_6_first_normal_1782463362055_B04C0D8E,18,0,0.0,0.19552,False
45727462_6_first_normal_1782463362055_B04C0D8E,19,1,0.9662,0.50288,True
45727462_6_first_normal_1782463362055_B04C0D8E,20,0,0.0,0.10763,False
45727462_6_first_normal_1782463362055_B04C0D8E,21,0,0.0,0.14251,False
45727462_6_first_normal_1782463362055_B04C0D8E,22,0,0.0,0.10268,False
45727462_6_first_normal_1782463362055_B04C0D8E,23,0,0.0,0.11128,False
45727462_6_first_normal_1782463362055_B04C0D8E,24,1,1.0,0.57692,True
45727462_6_first_normal_1782463362055_B04C0D8E,25,0,0.0,0.20655,False
45727462_6_first_normal_1782463362055_B04C0D8E,26,0,0.0,0.33449,True
45727462_6_first_normal_1782463362055_B04C0D8E,27,0,0.0,0.3048,True
45727462_6_first_normal_1782463362055_B04C0D8E,28,0,0.0,0.33086,True
45727462_6_first_normal_1782463362055_B04C0D8E,29,0,0.0,0.48312,True
45727462_6_first_normal_1782463362055_B04C0D8E,30,0,0.0,0.43037,True
45727462_6_first_normal_1782463362055_B04C0D8E,31,0,0.0,0.1776,False
45727462_6_first_normal_1782463362055_B04C0D8E,32,0,0.0,0.10438,False
45789553_6_first_normal_1782722591061_19199382,0,0,0.0,0.00201,False
45789553_6_first_normal_1782722591061_19199382,1,0,0.0,0.00116,False
45789553_6_first_normal_1782722591061_19199382,2,0,0.0,0.00931,False
45789553_6_first_normal_1782722591061_19199382,3,0,0.0,5e-05,False
45789553_6_first_normal_1782722591061_19199382,4,0,0.0,8e-05,False
45789553_6_first_normal_1782722591061_19199382,5,0,0.0,0.00367,False
45789553_6_first_normal_1782722591061_19199382,6,0,0.0,0.00711,False
45789553_6_first_normal_1782722591061_19199382,7,0,0.0,0.05223,False
45789553_6_first_normal_1782722591061_19199382,8,0,0.0,0.78965,True
45789553_6_first_normal_1782722591061_19199382,9,0,0.193,0.41136,False
45789553_6_first_normal_1782722591061_19199382,10,1,0.7251,0.01172,False
45789553_6_first_normal_1782722591061_19199382,11,0,0.0,0.001,False
45789553_6_first_normal_1782722591061_19199382,12,0,0.0,0.30323,False
45789553_6_first_normal_1782722591061_19199382,13,0,0.0,0.00285,False
45789553_6_first_normal_1782722591061_19199382,14,0,0.0,0.0075,False
45789553_6_first_normal_1782722591061_19199382,15,0,0.0,0.00052,False
45789553_6_first_normal_1782722591061_19199382,16,0,0.0,6e-05,False
45789553_6_first_normal_1782722591061_19199382,17,0,0.0,0.00353,False
45789553_6_first_normal_1782722591061_19199382,18,0,0.0,0.01935,False
45789553_6_first_normal_1782722591061_19199382,19,0,0.0,0.2405,False
45789553_6_first_normal_1782722591061_19199382,20,0,0.0,0.02256,False
45789553_6_first_normal_1782722591061_19199382,21,1,0.6351,0.12855,False
45789553_6_first_normal_1782722591061_19199382,22,0,0.0,0.01247,False
45789553_6_first_normal_1782722591061_19199382,23,0,0.0,0.0351,False
45789553_6_first_normal_1782722591061_19199382,24,0,0.0,0.08439,False
45789553_6_first_normal_1782722591061_19199382,25,0,0.0,0.01363,False
45789553_6_first_normal_1782722591061_19199382,26,0,0.0,5e-05,False
45789553_6_first_normal_1782722591061_19199382,27,0,0.0,0.0067,False
45789553_6_first_normal_1782722591061_19199382,28,0,0.0,0.00039,False
45789553_6_first_normal_1782722591061_19199382,29,0,0.0,0.00991,False
45789553_6_first_normal_1782722591061_19199382,30,0,0.0,0.19728,False
45789553_6_first_normal_1782722591061_19199382,31,1,0.8889,0.30374,False
45789553_6_first_normal_1782722591061_19199382,32,1,0.6667,0.03086,False
