index,x0,y0,x1,y1,matched_gt_index,iou,gt_price
0,117,108,202,151,13,0.6903,15.50
1,234,108,319,158,12,0.7959,14.90
2,340,108,425,157,0,0.7696,23.00
3,442,107,526,157,15,0.8557,12.90
4,565,107,655,156,1,0.7547,15.00
5,673,107,755,149,16,0.7517,33.90
6,768,107,850,156,2,0.8897,18.90
7,905,107,986,157,3,0.8188,20.80
8,1033,107,1114,156,4,0.8003,12.80
9,1144,107,1240,159,5,0.619,21.80
10,1240,104,1334,159,,,
11,1254,98,1369,145,6,0.5283,18.90
12,1361,112,1451,145,,,
13,1463,105,1570,157,7,0.634,19.90
14,1578,106,1678,157,8,0.6924,15.90
15,1814,107,1897,149,10,0.7297,18.80
